{"_id":"08560c9e5d0741e60305eadb4c201062","_openid":"o5-gv5SuyqOq0enwIshj21_EJqNc","name":"syj","pass":23.0,"uid":"2","phone":"18373270614"}
{"_id":"08560c9e5d07452f03077e8a218b32a9","name":"asdd","age":23.0,"_openid":"o5-gv5SuyqOq0enwIshj21_EJqNc"}
{"_id":"08560c9e5d07453003077f272caaadce","name":"asdd","age":23.0,"_openid":"o5-gv5SuyqOq0enwIshj21_EJqNc"}
{"_id":"08560c9e5d0747d60308c8bb38e0e81f","name":"asdd","age":23.0,"_openid":"o5-gv5SuyqOq0enwIshj21_EJqNc"}
{"_id":"08560c9e5d0846c3036d5bdd433266f1","_openid":"o5-gv5SuyqOq0enwIshj21_EJqNc","name":"玫瑰话语鲜花店","fl":1.0,"spid":1.0,"ms":"起送￥60元,配送费￥5"}
{"_id":"08560c9e5d0846c7036d5d8b2e5925fd","_openid":"o5-gv5SuyqOq0enwIshj21_EJqNc","name":"玫瑰话语鲜花店","fl":1.0,"spid":1.0,"ms":"起送￥60元,配送费￥5"}
{"_id":"08560c9e5d0846c8036d5df1549f6550","ms":"起送￥60元,配送费￥5","_openid":"o5-gv5SuyqOq0enwIshj21_EJqNc","name":"玫瑰话语鲜花店","fl":1.0,"spid":1.0}
{"_id":"166876ff-105f-46ae-9ac7-b0ea8bc3a86f","name":"asddd","asd":"ff"}
{"_id":"281fb4bf5d0741ac03043c49603649e9","_openid":"o5-gv5SuyqOq0enwIshj21_EJqNc","name":"九三霸王鸭霸王（科大店）","ms":"60起送，配送5元","spid":"1","fl":"1"}
{"_id":"281fb4bf5d0741e7030458074a392b79","_openid":"o5-gv5SuyqOq0enwIshj21_EJqNc","dpid":"1","name":"九三霸王鸭霸王（科大店）","ms":"亲，荤素多少1可以随意搭配，三十分送达，欢迎大家品尝"}
{"_id":"281fb4bf5d0742ca0304c41b26ebc6e0","_openid":"o5-gv5SuyqOq0enwIshj21_EJqNc","name":"asdd","age":23.0}
{"_id":"281fb4bf5d0742ca0304c4480846fa47","name":"asdd","age":23.0,"_openid":"o5-gv5SuyqOq0enwIshj21_EJqNc"}
{"_id":"281fb4bf5d0743960305251a785ec901","name":"asdd","age":23.0,"_openid":"o5-gv5SuyqOq0enwIshj21_EJqNc"}
{"_id":"281fb4bf5d0846c2036bcb2c196a3be9","_openid":"o5-gv5SuyqOq0enwIshj21_EJqNc","name":"玫瑰话语鲜花店","fl":1.0,"spid":1.0,"ms":"起送￥60元,配送费￥5"}
{"_id":"281fb4bf5d0846c3036bcb4e1c79e726","spid":1.0,"ms":"起送￥60元,配送费￥5","_openid":"o5-gv5SuyqOq0enwIshj21_EJqNc","name":"玫瑰话语鲜花店","fl":1.0}
{"_id":"281fb4bf5d0846c7036bcd2d06cd67f0","name":"玫瑰话语鲜花店","fl":"","spid":1.0,"ms":"起送￥60元,配送费￥5","_openid":"o5-gv5SuyqOq0enwIshj21_EJqNc"}
{"_id":"3b07eb945d0741e50305098e5399887f","age":23.0,"_openid":"o5-gv5SuyqOq0enwIshj21_EJqNc","name":"asdd"}
{"_id":"3b07eb945d0742ca030576733999216e","name":"asdd","age":23.0,"_openid":"o5-gv5SuyqOq0enwIshj21_EJqNc"}
{"_id":"3b07eb945d0747d60307e7c12f0cbad9","age":23.0,"_openid":"o5-gv5SuyqOq0enwIshj21_EJqNc","name":"asdd"}
{"_id":"3b07eb945d0846c3036c76fe17943a60","fl":1.0,"spid":1.0,"ms":"起送￥60元,配送费￥5","_openid":"o5-gv5SuyqOq0enwIshj21_EJqNc","name":"玫瑰话语鲜花店"}
{"_id":"3b07eb945d0846c7036c785254387145","fl":1.0,"spid":1.0,"ms":"起送￥60元,配送费￥5","_openid":"o5-gv5SuyqOq0enwIshj21_EJqNc","name":"玫瑰话语鲜花店"}
{"_id":"3b07eb945d0846c7036c78a342406642","name":"玫瑰话语鲜花店","fl":1.0,"spid":1.0,"ms":"起送￥60元,配送费￥5","_openid":"o5-gv5SuyqOq0enwIshj21_EJqNc"}
{"_id":"3b07eb945d0846c7036c78bb50ca2109","fl":1.0,"spid":1.0,"ms":"起送￥60元,配送费￥5","_openid":"o5-gv5SuyqOq0enwIshj21_EJqNc","name":"玫瑰话语鲜花店"}
{"_id":"3b07eb945d0846c8036c78ed680b01bd","spid":1.0,"ms":"起送￥60元,配送费￥5","_openid":"o5-gv5SuyqOq0enwIshj21_EJqNc","name":"玫瑰话语鲜花店","fl":1.0}
{"_id":"58c5169b-f7a2-4590-9514-4b41e5676376","uid":"1","zhanghao":"syj","pass":"123","youxiang":"996666908@qq.com","phone":"18373270614"}
{"_id":"61b50f52-57ae-4daa-8def-e38100484b17","name":"syj","pass":"123"}
{"_id":"7d505ba5-1cd8-47f4-82dd-58b495b13491","name":"肯德基（中南学院店）"}
{"_id":"94b1e1fc5d0742ca0307679938fb16ab","age":23.0,"_openid":"o5-gv5SuyqOq0enwIshj21_EJqNc","name":"asdd"}
{"_id":"94b1e1fc5d0743960307c8c0183aac52","name":"asdd","age":23.0,"_openid":"o5-gv5SuyqOq0enwIshj21_EJqNc"}
{"_id":"94b1e1fc5d0846c7036e77770f5941c9","spid":1.0,"ms":"起送￥60元,配送费￥5","_openid":"o5-gv5SuyqOq0enwIshj21_EJqNc","name":"玫瑰话语鲜花店","fl":1.0}
